,0,1,2,3,4,5,6,7,8,9,10,11
0,JW1950,JW3701,JW3905,JW1328,JW0430,JW0662,JW3877,JW1316,wild_type,JW5917,JW0111,JW0711
1,hchA,bglG,cytR,fnr,hupB,nagC,rhaR,tyrR,wild_type,rcsC,aceF,sdhC
2,JW1262,JW0824,JW2776,JW2883,JW3195,JW1610,JW0114,JW0712,JW2201,JW4094,JW2361,JW2805
3,btuR,deoR,fucR,argP,nanR,uidR,acnB,sdhD,ada,cadC,dsdC,galR
4,JW4221,JW4079,JW0019,JW4024,JW4287,JW0078,JW0324,JW0713,JW4077,JW1966,JW3046,JW3746
5,idnR,melR,nhaR,soxR,uxuR,fruR,prpC,sdhA,adiY,cbl,ebgR,ilvY
6,JW3909,JW0109,JW4023,JW2396,JW1702,JW0419,JW0714,JW0553,JW1724,JW3232,JW0075,JW3804
7,metJ,pdhR,soxS,xapR,ihfA,cyoD,sdhB,appY,chbR,envR,leuO,metR
8,JW0244,JW2644,JW3254,JW3732,JW0420,JW3206,JW0555,JW0895,JW0872,JW0337,JW4063,JW3089
9,perR,stpA,zntR,rbsR,cyoC,argR,envY,ihfB,lrp,mhpR,phnF,tdcA
10,JW0198,JW1901,JW0421,JW0716,JW3721,JW1023,JW1176,JW2807,JW1967,JW4200,JW0596,JW2676
11,yafC,sdiA,cyoB,sucB,asnC,csgD,fadR,lysR,nac,treR,ybdO,srlR
12,JW0422,JW0717,JW0305,JW5894,JW3229,JW3964,JW1612,JW1650,JW4356,JW0624,JW0007,JW0506
13,cyoA,sucC,betI,cynR,fis,hupA,malI,purR,trpR,ybeF,talB,fdrA
14,JW0739,JW1228,JW2273,wild_type,JW5875,JW3205,JW3923,JW4112,JW1872,JW2213,JW1268,JW2274
15,galM,adhE,nuoL,wild_type,nuoB,mdh,pflD,frdD,cheB,atoS,acnA,nuoK
0,JW2283,JW3343,JW4113,JW0611,JW1116,JW1877,JW1413,JW1841,JW2275,JW2385,JW3349,JW3928
1,nuoA,yhfW,frdC,citA,phoP,cheA,gapC,zwf,nuoJ,glk,rpe,ppc
2,JW4114,JW0612,JW1212,JW1899,JW2366,JW0886,JW5906,JW1843,JW2447,JW3974,JW4115,JW1213
3,frdB,citB,narL,uvrY,evgA,pflB,gapC,pykA,maeB,aceB,frdA,narX
4,JW1951,JW2367,JW2011,JW2277,JW2448,JW3587,wild_type,JW3975,JW4346,JW0683,JW2453,JW0960
5,yedV,evgS,gnd,nuoH,talA,gpmI,wild_type,aceA,deoB,kdpD,narQ,appC
6,JW1603,JW2278,JW2449,wild_type,JW3887,JW3985,JW4358,JW0797,JW1600,JW2538,JW0961,JW1604
7,fumC,nuoG,tktB,wild_type,pfkA,pgi,ytjC,dps,rstA,yfhA,appB,fumA
8,JW2271,JW2279,JW0563,JW4051,JW0389,JW1601,JW2181,JW1666,JW2272,JW2280,JW2943,JW3918
9,nuoN,nuoF,cusB,rpiB,phoB,rstB,narP,pykF,nuoM,nuoE,glcB,fsaB
10,JW4083,JW0390,JW0980,JW1871,JW2205,JW2757,JW3644,JW4074,JW1186,JW0855,JW5478,JW0401
11,fumB,phoR,torR,cheY,rcsB,barA,uhpA,basR,treA,poxB,tktA,tsx
12,JW3043,JW0100,JW0560,JW2993,JW3839,JW4085,JW2034,JW1375,JW2334,JW2096,JW1874,JW0243
13,aer,coaE,cusR,qseB,glnG,dcuR,cpsB,ldhA,yfcT,yehB,tap,ykfA
14,JW3367,JW2497,JW2629,JW2994,JW3840,JW4086,JW3730,JW2121,JW2342,JW2044,JW3393,JW3169
15,envZ,yfgM,ypjB,qseC,glnL,dcuS,rbsB,dld,yfdF,wcaA,glgC,rpoN
0,JW3882,JW4361,JW1235,JW3580,JW0945,JW2486,JW5536,JW3883,JW4362,JW3077,JW0675,JW0564
1,cpxA,creB,oppA,lldD,helD,ppk,arcB,cpxR,creC,yhaK,pgm,cusA
2,JW5905,JW0318,JW2293,JW2585,JW2633,JW3368,JW3967,JW4364,JW1644,JW0710,JW1771,JW3285
3,hrpA,yahL,ackA,yfiN,yqaD,ompR,zraS,arcA,rnt,gltA,mipA,gspA
4,JW0764,JW0110,JW2369,JW3624,JW3968,JW3021,JW0723,JW0146,JW3354,JW0117,JW0112,JW2373
5,moaA,aceE,yfdV,rpoZ,zraR,glgS,cydB,fhuA,hofQ,speE,lpd,ypdI
6,JW0449,JW3643,JW4073,wild_type,JW2294,JW3703,JW3454,JW0530,JW4191,JW2421,JW2621,JW2142
7,hha,uhpB,basS,wild_type,pta,pstB,yhiI,renD,fbp,yfeU,yfjV,cirA
8,JW0755,JW2047,JW5896,JW1587,JW0104,JW0483,JW1113,JW1010,JW1088,JW0790,JW3113,JW2824
9,ybhC,wza,ybhD,ynfL,ppdD,tesA,pepT,ycdS,fhuE,fiu,yraJ,ygeL
10,JW1337,JW0145,JW2784,JW3556,JW0561,JW1788,JW0058,JW0157,JW0627,JW1172,JW2671,JW1795
11,dbpA,mrcB,mltA,yiaT,cusC,yeaT,hepA,degP,dacA,umuD,mltB,yeaY
12,JW2462,JW3996,JW0120,JW2144,JW0144,JW0227,JW3474,JW0940,JW1499,JW2762,JW1645,JW0322
13,nlpB,lamB,gcd,yeiE,hrpB,pepD,slp,ompA,ydeT,yqcB,lhr,prpR
14,JW0840,JW1264,wild_type,JW0731,JW2203,JW4275,JW2815,JW4195,JW3557,JW3753,JW0427,JW0866
15,potH,sohB,wild_type,pal,ompC,fimB,yqeI,cybC,yiaU,rhlB,clpP,clpA
0,JW1270,JW0188,JW0912,JW5780,JW3689,wild_type,JW2560,JW0428,JW0915,JW1502,JW0554,JW2341
1,pgpB,nlpE,ompF,fimD,yidZ,wild_type,srmB,clpX,pepN,ydeU,ompT,fadL
2,JW1371,JW4276,JW2818,JW3896,JW4290,JW1797,JW0429,JW0957,JW1431,JW1489,JW2712,JW3100
3,ompN,fimE,ygeF,glpX,yjiE,yoaA,lon,hyaD,ydcP,pqqL,nlpD,agaR
4,JW3903,JW3495,JW4132,JW2169,JW2238,JW2270,JW2352,JW2394,JW1755,JW2325,JW2723,JW3098
5,hslV,yhjJ,hflK,yejG,yfaD,yfbP,yfdM,yfeD,sppA,mepA,iap,sohA
6,JW3869,JW3465,JW4133,JW2219,JW5964,JW2288,JW2355,JW2412,JW1818,JW2382,JW2789,JW3127
7,frvX,prlC,hflC,yfaP,ypaA,yfbR,yfdO,yfeK,htpX,ypdF,ptr,yhbU
8,JW3823,JW3434,JW4217,JW2220,JW2239,JW2296,JW2357,JW2425,JW2476,JW2840,JW3149,JW3412
9,pepQ,zntA,pepA,yfaQ,yfaU,yfcD,yfdQ,yfeY,hyfR,ygeY,dacB,ggt
10,wild_type,JW2221,JW2358,JW2426,JW1834,JW2507,JW2903,JW3203,JW5595,JW4291,JW2222,JW2250
11,wild_type,yfaS,yfdR,yfeZ,ptrB,pepB,yggG,degQ,yifK,iadA,yfaS,yfbH
12,JW2322,JW2432,JW2669,JW2911,JW3670,JW3297,JW4352,wild_type,JW2223,JW2252,JW2330,JW2372
13,yfcL,eutL,recA,sprT,dgoK,gspO,radA,wild_type,yfaT,yfbW,yfcP,yfdX
14,JW2435,JW2005,JW2688,JW2939,JW3930,JW3981,JW2150,JW2224,JW2332,JW2387,JW2443,JW2066
15,eutA,hisH,hycH,pppA,argC,pepE,yeiL,yfaA,yfcR,ypeC,eutT,yegQ
0,JW2687,JW2961,JW3902,JW4131,JW2152,JW2232,JW2267,JW2350,JW2393,JW2444,JW2445,JW2608
1,hycI,hybD,hslU,hflX,yeiN,yfaH,yfbM,yfdK,yfeC,eutQ,eutP,yfjK
2,JW2624,JW2702,JW1560,JW1599,JW1659,JW1800,JW1835,JW1894,JW2446,JW2609,JW2627,JW2719
3,yfjX,ygbA,ydfX,ydgC,ydhT,yoaH,yebE,yecH,ypfE,yfjL,ypjF,ygbE
4,JW1563,JW1617,JW1662,JW1749,JW1809,JW1837,JW1900,JW2450,JW2570,JW2610,JW2631,JW1565
5,ydfA,ydgT,ydhW,ynjH,yobD,yebG,yecF,ypfG,yfiM,yfjM,ygaR,ydfC
6,JW1618,JW1675,JW1814,JW1913,JW2457,JW2611,JW2725,JW1567,JW1631,JW1695,JW1766,JW1857
7,ydgK,ydiH,yebO,yedD,ypfN,yfjN,ygbT,ydfD,ydhA,ydiE,yeaC,yecE
8,JW1914,JW2584,JW2645,JW2726,JW1575,JW1637,JW1697,wild_type,wild_type,JW1776,JW2504,JW2600
9,yedE,yfiR,ygaW,ygcH,ynfB,ydhK,ydiV,wild_type,wild_type,yeaK,yfhM,yfjG
10,JW2614,JW2646,JW1711,JW1782,JW1828,JW1940,JW2520,JW2603,JW2623,JW2647,JW1547,JW1590
11,yfjQ,ygaC,ydiY,yoaF,yebY,yodC,hcaT,yfjH,yfjW,ygaM,ydfR,ydgD
12,wild_type,JW1657,JW1715,JW1829,JW1891,JW1946,JW2539,JW2605,JW2658,JW5909,JW1658,JW1722
13,wild_type,ydhR,yniB,yebZ,yecJ,yedR,yfhG,yfjI,ygaH,ydfU,ydhS,chbG
14,JW1786,JW1832,JW1892,JW1988,JW1990,JW2099,JW2112,JW0986,JW1101,JW1250,JW5804,JW1354
15,yeaR,yobB,yecR,yeeW,yeeA,yehE,yehS,yccE,ycfT,yciF,ycjY,ydaU
0,JW1408,JW1995,JW2105,JW0988,JW1167,JW1251,JW1326,JW1411,JW1432,JW2058,JW2106,JW1050
1,ynbD,yeeE,yehI,yccJ,ycgK,yciG,ynaJ,ydcF,yncJ,yegL,yehK,yceB
2,JW1133,JW1183,JW1359,JW1416,JW1433,JW1054,JW1134,JW1196,JW1265,JW1334,JW1360,wild_type
3,ymfL,ycgR,ynaK,ydcA,ydcQ,yceH,ymfM,ychH,yciN,ydaL,ydaY,wild_type
4,JW1441,JW2108,JW5970,JW1006,JW1090,JW1136,JW1204,JW1341,JW0968,JW1137,JW1288,JW1346
5,ydcY,yehM,yccV,ycdP,ycfL,ymfR,ychQ,ydaC,ymcB,ymfO,ymjA,ydaE
6,JW1447,JW2110,JW0976,JW1139,JW1247,JW1319,JW1349,JW1376,wild_type,JW1424,JW1452,JW2095
7,yncE,yehQ,gnsA,ymfQ,yciC,mpaA,ydaF,ydbH,wild_type,ydcK,ydcD,yehA
8,JW0984,JW1034,JW1098,JW1154,JW1249,JW5960,JW1353,JW1377,JW1453,JW1456,JW0282,JW0349
9,cbpM,mdoC,ycfR,ymgC,yciE,ymjC,ydaT,ynbE,yncI,ydcE,ykgJ,yaiO
10,JW0382,JW0638,JW0691,JW0783,JW0842,JW1018,JW1468,JW1545,JW0355,JW0394,JW0503,JW0556
11,yaiE,ybeL,ybfB,ybiA,ybjO,ycdY,yddL,ydfP,yaiP,yajB,ylbA,ybcH
12,JW0640,JW0693,JW0787,JW0860,JW1469,JW0239,JW0284,JW0356,JW0400,JW0508,JW0562,JW0641
13,ybeR,ybfC,ybiJ,ybjD,yddG,ykfB,yagW,yaiS,yajD,ylbE,cusF,djlB
14,JW0788,JW0902,JW1043,JW0286,JW0366,wild_type,JW0509,JW0643,JW0924,JW1044,JW1516,JW0259
15,ybiI,ycbJ,yceI,yagY,yaiV,wild_type,ylbF,ybeU,ycbT,yceJ,yneG,yagB
0,JW0287,JW0369,JW0455,JW0516,JW0569,JW0667,JW0725,JW0805,JW0925,JW1074,JW1520,JW0270
1,yagZ,yaiW,ybaM,ybcI,ybdJ,ybfM,ybgE,ybiU,ycbU,yceD,yneK,yagJ
2,JW0311,JW0370,JW0457,JW0535,JW0591,wild_type,JW0736,JW0827,JW1114,JW1534,JW0271,JW0313
3,yahE,yaiY,ybaN,ybcN,ybdD,wild_type,ybgS,ybjH,ycfD,ydfZ,yagK,yahG
4,JW0471,JW0537,JW0594,JW0834,JW1539,JW0281,JW0321,JW0380,JW0489,JW0539,JW0595,JW0773
5,ybaP,ybcO,ybdM,ybjC,tfaQ,yagU,yahO,yaiA,ybbD,ybcQ,ybdN,ybhP
6,JW0837,JW1004,JW1140,JW1314,JW1623,JW2174,JW2346,JW2738,JW0113,JW0235,JW2242,wild_type
7,ybjN,ycdB,ycfK,ycjX,rsxG,yejK,yfdG,ygcP,yacH,yafW,yfaX,wild_type
8,JW0703,JW1177,JW1315,JW1714,JW2175,JW0118,JW0203,JW5956,JW0903,JW1419,JW1781,JW2265
9,ybgL,ycgB,ycjF,yniA,yejL,yacC,yafS,ykfH,ycbC,ydcJ,yeaO,yfbK
10,JW2763,JW0206,JW2455,JW0348,JW5961,JW1938,JW2292,JW2424,JW2777,JW0132,JW0214,JW2459
11,yqcC,yafT,yffB,frmR,yncK,yedP,yfbV,yfeX,ygdE,yadK,yafK,ypfI
12,JW0378,JW1205,JW1941,JW2298,JW2508,JW0004,JW0133,JW0223,JW2527,JW1574,JW1240,wild_type
13,yaiI,ychA,yedI,yfcF,yfhJ,yaaX,yadL,yafO,yphA,ynfA,yciU,wild_type
14,JW1958,JW2599,JW0012,JW0159,JW0225,JW1669,JW1243,JW1529,JW1989,JW2328,JW2664,JW0185
15,yeeI,yfjF,yaaI,yaeH,ykfJ,sufE,yciI,ydeI,yeeX,yfcN,yqaA,yaeP
0,JW0229,JW5281,JW2662,JW1778,JW1271,JW1606,JW2139,JW2340,JW2707,JW0099,JW0186,JW0234
1,frsA,ydjM,luxS,yeaL,yciS,ydgA,yeiB,yfcZ,ygbK,yacF,yaeQ,ykfI
2,JW1984,JW2782,JW0642,JW1916,JW1945,JW2563,JW0570,wild_type,wild_type,JW1632,JW0115,JW0493
3,yeeS,ygdK,ybeT,yedK,yedJ,yfiD,ybdK,wild_type,wild_type,ydhH,yacL,allA
4,JW0821,JW0942,JW0080,JW1674,JW2324,JW2086,JW0699,JW1696,JW0126,JW0831,JW0944,JW0656
5,yliI,yccR,mraW,sufA,yfcA,yegU,ybgH,ydiU,yadE,ybjL,yccF,ybeY
6,JW2670,JW1754,JW2808,JW2092,JW0153,JW0858,JW1821,JW0218,JW0851,JW1767,JW0154,JW2129
7,ygaD,ydjA,ygeA,yohL,yadS,ybjE,yebR,yafM,ybjR,yeaA,btuF,yohJ
8,JW0215,JW0865,JW2145,JW0224,JW0861,JW1003,JW0995,JW2512,JW0276,JW2130,JW0277,JW2371
9,yafQ,clpS,yeiH,yafP,ybjX,ycdO,ycdK,iscA,yagP,yohK,yagQ,frc
10,JW0889,JW1853,JW2708,JW0763,JW2148,JW1483,JW2641,JW0384,JW0732,JW0900,JW1942,JW2151
11,ycaP,yebC,ygbL,ybhK,yeiJ,ddpX,yqaE,rdgC,ybgF,ycaR,yedA,yeiM
12,wild_type,JW0501,JW1619,JW2778,JW0472,JW0750,JW0908,JW1964,JW1530,JW1017,JW0756,JW1308
13,wild_type,ybbY,rsxA,ygdD,ybaQ,ybhE,ycbB,yeeN,ydeJ,ycdX,ybhB,ycjS
14,JW2496,JW0504,JW1626,JW0491,JW0752,JW0909,JW2230,JW1762,JW1258,JW1327,JW1333,JW2521
15,yfgL,allC,ydgR,ybbB,ybhH,ycbK,yfaE,ydjI,yciV,uspE,abgR,hcaR
0,JW1106,JW0079,JW0403,JW2562,JW0589,wild_type,JW2012,JW2227,JW2295,JW2386,JW2518,JW2715
1,cobB,mraZ,ybaD,yfiK,ybdB,wild_type,wbbL,yfaL,yfcC,yfeO,yfhR,truD
2,JW0850,JW2578,JW0721,JW2119,JW2245,JW2299,JW2532,JW0182,JW1318,JW0433,JW0997,JW2657
3,ybjQ,yfiA,mngB,yehZ,yfaO,yfcG,yphF,yaeR,ycjG,ybaW,ycdM,ygaZ
4,JW0888,JW2052,JW2301,JW2420,JW0385,JW2241,JW0726,JW1002,JW0236,JW1032,JW2147,JW2248
5,ycaO,yegE,yfcH,yfeT,mak,yfaW,ybgC,ycdN,ykfG,ymdB,yeiI,yfbF
6,wild_type,JW2319,JW2427,JW2542,JW0770,JW2501,JW1510,JW1274,JW0247,JW1245,JW2061,JW2161
7,wild_type,yfcJ,ypeA,yfhD,ybhM,yfgB,lsrF,yciH,insO,yciA,mdtC,yeiR
8,JW2251,JW2347,JW2451,JW2545,JW2575,JW1684,JW0260,JW1435,JW2062,JW2165,JW2258,JW2488
9,arnT,yfdH,yffH,yfhH,yfiH,ydiF,yagA,ydcS,mdtD,yejA,yfbB,yfgF
10,JW2559,JW2592,JW2266,JW1787,JW0278,JW1459,JW2070,JW2172,JW2289,JW2378,JW2568,JW1105
11,yfiC,ypjD,yfbL,yeaS,yagR,yddE,yegS,yejH,yfbS,ypdB,yfiQ,ycfX
12,JW2709,JW0191,JW1890,JW0279,JW1994,JW2379,JW2500,JW2731,JW2800,JW1682,JW1261,JW1052
13,ygbM,yaeB,yecI,yagS,yeeD,ypdC,yfgA,ygcB,ygdQ,ydiB,rluB,mdtH
14,JW1272,JW1336,JW1437,JW1652,JW1716,JW2635,JW2803,JW2128,JW1086,JW1278,wild_type,JW1655
15,yciM,ydaN,ydcU,ydhC,yniC,ygaF,ygeD,dusC,ycfH,gmr,wild_type,mdtK
0,JW1747,JW2642,JW0910,JW2706,JW1593,JW1168,JW1291,JW1338,JW1486,JW1664,JW1757,JW2643
1,ynjF,ygaV,ycbL,ygbJ,ydgG,ycgL,puuD,ydaO,yddW,ydhY,pncA,ygaP
2,JW0977,JW1120,JW1193,JW1292,wild_type,JW5802,JW2655,JW2746,JW1169,JW0994,JW1303,JW1402
3,yccM,ymfB,ycgV,puuR,wild_type,ydbA,ygaX,yqcE,ycgM,rarA,ycjN,ydbA
4,JW1527,JW1680,JW1774,wild_type,JW2748,JW1457,JW0798,JW1150,JW1210,JW1309,JW1405,JW1636
5,ydeE,ydiM,yeaI,wild_type,ygcF,yddH,rhtA,ycgF,ychN,ycjT,ynbA,ydhJ
6,JW5274,JW2665,JW2765,JW2680,JW1007,JW1211,JW1323,JW1430,JW1646,JW1686,JW1802,JW2681
7,ydiN,yqaB,yqcD,norV,ycdQ,ychP,ynaI,ydcN,ydhD,ydiP,yeaB,norW
8,JW2798,JW0497,JW1121,JW1042,JW1221,JW1434,JW1805,JW1917,JW2761,JW0432,wild_type,JW0702
9,nudH,glxR,ymfC,yceA,ychJ,ydcR,yoaE,yedL,yqcA,ybaV,wild_type,ybgK
10,JW0779,JW0822,JW1842,JW2791,JW5904,JW0187,JW0312,JW0434,JW0749,JW0785,JW0892,JW1366
11,ybhG,yliJ,yebK,ppdC,lomR,yaeJ,yahF,ybaX,ybhA,ybiB,ycaL,stfR
12,JW0200,JW0350,JW0435,JW0566,JW0753,JW0801,JW0829,JW0931,JW1980,JW1540,JW0444,JW0771
13,yafE,yaiX,ybaE,ybdG,ybhI,mntR,ybjJ,ycbY,yoeE,stfQ,ybaZ,ybhN
14,JW0803,JW1859,JW2649,JW0527,JW1551,JW0213,JW0373,JW0626,JW0772,JW0806,JW5898,JW1860
15,ybiS,yecO,nrdI,ybcD,ydfT,yafJ,yaiB,ybeD,ybhO,ybiV,yccW,yecP
0,JW2659,JW0543,JW0006,JW0255,JW0376,JW0460,JW0655,JW0817,JW0875,JW0964,JW1896,JW2704
1,mprA,essD,yaaJ,afuB,yaiC,ybaB,ybeX,yliE,ycaJ,yccC,yecA,pphB
2,JW0066,JW0300,JW0397,wild_type,JW0467,JW0659,JW0818,JW0880,JW1915,JW2752,JW1361,JW0068
3,thiP,ykgF,yajC,wild_type,ybaL,ubiF,yliF,ycaC,yedF,mazG,ynaA,sgrR
4,JW0307,JW0470,JW0701,JW0777,wild_type,JW0819,wild_type,JW0881,JW2032,JW2035,JW2118,JW2516
5,yahA,ybaK,ybgJ,ybhS,wild_type,yliG,wild_type,ycaD,wcaJ,wcaI,yehY,yfhQ
6,JW5922,JW0436,JW1936,JW3067,JW5892,JW2124,JW2243,JW2522,JW0536,JW2133,JW2411,JW3402
7,ypjL,cof,dsrB,yqjB,yadB,yohD,yfaY,hcaE,ninE,yeiT,pdxK,yhhW
8,JW0193,JW2125,JW2546,JW2781,JW0600,JW2164,JW2422,JW0005,JW0216,JW0424,JW2045,JW2153
9,metQ,yohF,yfhL,csdA,uspG,rtn,murP,yaaA,dinJ,yajG,wzc,yeiC
10,JW2339,JW2561,JW2705,JW0605,JW5378,JW0010,JW0437,JW2049,JW2160,JW2376,JW2565,JW2736
11,yfcY,yfiE,ygbI,citG,dedD,yaaW,ybaO,asmA,yeiQ,yfdZ,yfiF,ygcN
12,JW2833,JW0619,JW2314,JW2440,JW0065,JW0308,JW0443,JW2166,JW2586,JW2737,JW0184,JW0697
13,ygeR,crcB,dedA,cchB,thiQ,yahB,ybaY,yejB,yfiB,ygcO,rof,ybgA
14,JW2318,JW2441,JW0309,JW0474,JW2093,JW2438,JW2615,JW0210,JW2381,JW2515,JW0131,JW0317
15,flk,cchA,yahC,ybaS,yohM,eutJ,yfjR,ivy,ypdE,iscR,yadC,yahK
0,JW2168,JW2619,JW1823,JW2383,JW2640,JW0137,JW0360,JW0534,JW0592,JW0883,JW1276,JW1508
1,yejF,yfjU,yebT,ypdG,ygaU,yadN,tauD,ybcM,ybdH,ycaN,yciT,lsrD
2,JW1588,JW1759,JW1968,JW0849,JW2030,JW0645,JW0884,JW1372,JW1509,JW1592,JW1688,JW1760
3,ynfM,ydjF,erfK,ybjP,wcaK,hscC,ycaK,ydbK,lsrB,mdtJ,ydiR,ydjG
4,JW1983,JW0923,JW3891,JW5604,JW0673,JW1403,JW1517,JW1598,JW1689,JW1763,wild_type,JW0054
5,yeeR,ycbS,yiiQ,rep,ybfF,ydbC,yneH,folM,ydiS,ydjJ,wild_type,djlA
6,JW0966,JW2329,JW4110,JW1849,JW0938,JW1446,JW1519,JW1690,JW1770,JW0173,JW1020,JW2479
7,yccZ,yfcO,blc,ruvB,ycbZ,yncD,yneJ,ydiT,yeaE,hlpA,csgG,yfgC
8,JW1092,JW3786,JW0735,JW1533,JW1639,JW1732,wild_type,JW1779,JW1021,JW2618,JW0141,JW1279
9,ycfN,uvrD,zitB,ydfH,ydhF,spy,wild_type,yeaM,csgF,yfjT,dksA,rnb
10,JW0835,JW0967,JW1498,JW1535,JW1739,JW1836,JW0521,wild_type,JW1374,JW2876,JW2511,JW0786
11,nfsA,ymcA,ydeS,ydfI,ydjX,yebF,sfmD,wild_type,hslJ,pepP,hscB,ybiC
12,JW0862,JW1505,JW1546,JW1649,JW1741,JW1949,JW0557,JW1677,JW0426,JW3547,JW0863,JW1194
13,macA,ydeW,ydfQ,ydhP,ydjZ,yedS,nfrA,ydiJ,tig,yiaK,macB,ychF
14,JW1507,JW1558,JW1672,JW0800,JW1956,JW3183,JW1875,JW0505,JW3976,JW4011,JW1648,JW0273
15,lsrC,flxA,sufC,ybiP,yodA,yhcD,tar,allD,aceK,qor,sodB,yagM
0,JW0498,JW0658,JW1045,wild_type,JW1152,JW1466,JW1742,JW1772,JW4130,JW1638,JW2801,JW0274
1,ybbV,miaB,yceO,wild_type,ymgA,yddJ,ynjA,yeaG,hfq,sodC,ygdR,yagN
2,JW0507,JW0676,JW1123,JW1153,JW1352,JW1467,JW1827,wild_type,JW1667,JW1317,JW0532,JW0724
3,ylbE,ybfP,ymfD,ymgB,ydaS,yddK,pphA,wild_type,lpp,tpx,ybcK,ybgT
4,JW1156,JW1369,JW1503,JW3140,JW0599,JW2819,JW1128,JW1162,JW1241,JW3467,JW1329,JW2820
5,ymgF,ynaE,ydeK,argG,ahpF,ygeG,ymfH,ycgI,cls,gor,ogt,ygeH
6,JW0548,JW1185,JW1557,JW1815,JW3331,JW1627,JW0217,JW0302,JW0551,JW1130,JW1635,JW1794
7,ybcW,ycgY,ydfV,yobG,cysG,gst,yafL,ykgH,ybcY,ymfJ,ydhI,fadD
8,JW3914,JW2728,JW0207,JW0552,JW0832,JW1147,JW1713,JW1918,JW0008,JW3879,JW2766,JW0222
9,katG,ygcJ,yafU,ylcE,ybjM,elbA,ydiZ,yedN,mog,sodA,ygdH,yafN
10,JW1148,JW1719,JW5912,JW1920,JW1306,JW2843,JW2882,JW2938,JW2992,JW3007,JW3035,JW3053
11,ycgX,ydjO,yedN,yedM,ycjQ,yqeB,yqfE,yghG,ygiW,zupT,ygjE,ygjM
12,JW3073,JW3118,JW1953,JW1765,JW2849,JW2887,wild_type,JW2921,JW2952,JW2995,JW3008,JW3040
13,yqjG,yraO,yedX,ydjL,xdhD,ygfH,wild_type,yggV,yghR,ygiZ,ygiE,ygjF
14,JW3054,JW3074,JW3119,JW1998,JW3109,JW2864,JW2889,JW2922,JW2954,JW2996,JW3011,JW3041
15,ygjN,yhaH,yraP,yeeZ,agaD,ygfX,yggE,yggW,yghT,mdaB,ygiL,yqjH
0,JW3057,JW3075,JW3120,JW2261,JW2865,wild_type,JW2890,JW2923,JW2966,JW2997,JW3022,JW3042
1,ygjQ,yhaI,yraQ,elaB,ygfY,wild_type,argO,yggM,yghW,ygiN,yqiJ,yqjI
2,JW3060,JW3097,JW3123,JW2268,JW2262,JW2866,JW2891,JW2927,JW2970,JW2999,JW3023,JW3045
3,sstT,garD,yhbP,yfbN,elaA,ygfZ,mscS,yggH,yghZ,yqiA,yqiK,ygjH
4,JW3061,JW3099,JW3124,JW2269,JW2802,JW2867,JW2895,JW2929,JW2985,JW3001,JW3026,JW5512
5,ygjV,yhaV,yhbQ,yfbO,tas,yqfA,yggC,yggX,sufI,yqiB,ygiF,ygjI
6,JW3066,JW3111,JW3125,JW0601,JW2835,JW2868,JW2896,JW2934,JW2990,JW3002,JW3027,JW3050
7,yqjA,yraH,yhbS,ybdR,xdhB,yqfB,yggD,yqgA,ygiU,nudF,htrG,ygjJ
8,JW3069,JW3114,JW3129,JW1222,JW2841,JW2870,JW2897,JW2935,JW5502,JW3006,JW3031,JW3051
9,yqjD,yraK,yhbW,rssA,hyuA,ygfF,yggF,yghD,ygiV,ygiC,ygiH,ygjK
10,JW3070,wild_type,JW3116,JW3132,JW3147,JW3170,JW3208,JW3235,JW3316,JW3344,JW3397,JW3432
11,yqjE,wild_type,yraM,nlpI,yhbY,yhbH,yhcO,yhdV,yheT,yhfX,yhgN,yhhM
12,JW3478,JW3491,wild_type,JW3532,JW3568,JW3151,JW3172,JW3209,JW3241,JW3317,JW3351,JW3403
13,hdeA,yhjE,wild_type,ysaB,yibA,yhbE,yhbJ,aaeB,yrdB,yheU,damX,yhhX
14,JW3433,JW3479,JW3503,JW3533,JW3570,JW3159,JW3174,JW3245,JW3318,JW3356,JW3405,JW3506
15,yhhN,hdeD,yhjR,yiaH,yibG,yrbC,yrbL,smg,prkB,yrfB,yhhY,bcsG
0,JW5653,JW3571,JW3160,JW3182,JW3217,JW3255,JW3319,JW3357,JW3406,JW3482,JW3546,wild_type
1,bax,yibH,yrbD,yhcA,yhdE,yhdN,yhfA,yrfC,yhhZ,mdtF,yiaJ,wild_type
2,JW3576,JW3161,JW3188,JW3222,JW3305,JW3325,JW3360,JW3411,JW3459,JW3484,JW3508,JW3549
3,yibT,yrbE,yhcF,yhdH,yheL,yhfG,nudE,yrhB,yhiN,gadX,yhjV,yiaM
4,JW3577,JW3163,JW3189,JW3225,JW3306,JW3327,JW3365,JW3413,JW3463,wild_type,JW3486,JW3519
5,yibL,yrbG,yhcG,yhdT,yheM,tsgA,yhgE,yhhA,yhiP,wild_type,yhjA,yiaC
6,JW3551,JW3164,JW3190,JW3228,JW3307,JW3332,JW3374,JW3424,JW3466,JW3488,JW5657,JW3558
7,yiaO,kdsD,yhcH,dusB,yheN,yhfL,yhgA,yhhK,yhiR,yhjB,yiaD,yiaV
8,JW3619,JW3165,JW3201,JW3231,JW3310,JW3339,JW3377,JW3430,JW3475,JW3490,JW3524,JW3559
9,yicC,kdsC,yhcM,yhdU,slyX,yhfS,gntY,yhhF,yhiF,yhjD,yiaG,yiaW
10,JW3630,JW3633,JW3674,JW3733,JW3809,JW3849,wild_type,JW3892,JW3963,JW3990,JW4025,JW4069
11,yicH,setC,yidA,hsrA,rmuC,yihQ,wild_type,yiiR,yjaG,yjbA,yjcD,phnA
12,JW4101,JW4136,JW5965,JW3688,JW3737,JW3830,JW3850,JW3893,JW3965,JW3998,JW4026,JW4070
13,yjeH,yjeB,yicS,mdtL,yifE,yihD,yihR,yiiS,yjaH,yjbI,yjcE,yjdA
14,JW4105,JW4138,JW3640,JW3690,JW3738,JW3834,JW3852,JW3899,JW3972,JW4005,JW4027,JW4076
15,yjeJ,rlmB,ade,yieE,yifB,yihG,yihT,yiiU,yjaB,yjbJ,yjcF,adiC
0,wild_type,JW4139,JW3651,JW3691,JW5597,JW3837,JW3853,JW3908,JW3982,JW4007,JW4028,JW4082
1,wild_type,yjfI,yidG,yieF,rffC,yihI,yihU,yiiX,yjbC,yjbL,actP,yjdF
2,JW4118,JW4140,JW3652,JW3692,JW3779,JW3843,JW3859,JW3916,JW3983,JW4008,JW4029,wild_type
3,yjeN,yjfJ,yidH,yieG,cyaY,yihL,yiiD,yijF,yjbD,yjbM,yjcH,wild_type
4,JW4087,JW4119,JW4141,JW3653,JW3693,JW3783,JW3844,JW3867,JW3927,JW3986,JW4017,JW4039
5,yjdI,yjeO,yjfK,yidI,yieH,yigA,yihM,yiiG,yijP,yjbE,yjbQ,yjcO
6,JW4088,JW4120,JW3654,JW3694,JW3785,JW3845,JW3871,JW3936,JW3988,JW4018,JW4041,JW4089
7,yjdJ,yjeP,yidJ,yieI,yigB,yihN,frvA,yijD,yjbG,yjbR,yjcP,yjdK
8,JW4124,JW4143,JW3655,JW3695,JW3790,JW3846,JW3886,JW5548,JW3989,JW4022,JW4043,JW4091
9,yjeS,yjfM,yidK,cbrC,yigF,ompL,fieF,nudC,yjbH,yjcC,yjcR,yjdL
10,JW4134,JW4144,JW4148,JW4179,JW4207,JW5968,JW4303,JW4350,JW0698,JW1831,JW3835,JW4312
11,yjeT,yjfC,yjfP,ytfM,yjgI,yjhX,yjiR,ytjB,phr,holE,polA,hsdM
12,JW0102,JW4149,JW4180,JW4212,JW4271,JW4304,JW4354,JW1048,JW1850,JW4314,JW0103,JW0327
13,hofC,ulaR,ytfN,yjgD,yjhR,yjiS,yjjK,dinI,ruvA,mrr,hofB,codB
14,JW4157,JW4181,JW4220,JW4288,JW4316,JW4365,JW1100,wild_type,JW1852,JW4004,JW0108,JW0332
15,yjfY,ytfP,yjgR,yjiC,yjiX,yjjY,mfd,wild_type,ruvC,dinF,aroP,cynX
0,JW4162,JW4182,JW4258,JW4292,JW4336,JW4366,JW1173,JW1854,JW4019,JW0123,JW0358,JW4167
1,yjfZ,yzfA,yjhF,yjiG,yjjG,yjtD,umuC,nudB,uvrA,yadG,tauB,ytfE
2,JW4186,JW4259,wild_type,JW4340,JW0387,JW1343,JW1944,JW4128,JW0018,JW0147,JW0359,JW4169
3,ytfQ,yjhG,wild_type,yjjU,sbcC,recT,dcm,mutL,nhaA,fhuC,tauC,ytfG
4,JW4193,JW4261,JW4342,JW0456,JW1355,JW4159,JW0044,JW0148,JW0386,JW4175,JW4205,JW4268
5,yjgA,yjhI,yjjW,priC,ydaV,priB,yaaU,fhuD,araJ,ytfJ,pyrL,yjhP
6,JW4299,JW4343,JW0461,JW1602,JW2053,JW4216,JW0046,JW0149,JW0391,JW4206,JW4269,JW4300
7,yjiN,yjjI,recR,tus,alkA,holC,kefC,fhuB,brnQ,yjgH,yjhQ,yjiO
8,JW4348,JW0674,JW1752,JW2200,JW0195,JW0438,JW0441,JW0579,JW0077,JW0593,JW1253,JW1391
9,yjjJ,seqA,topB,alkB,metN,mdlA,amtB,fepE,ilvH,ybdL,trpB,paaI
10,JW1736,JW2028,JW2414,JW2839,wild_type,JW3645,JW3910,JW0451,JW0580,JW0232,JW0854,JW1255
11,astA,wcaM,cysM,ygeX,wild_type,ilvN,metB,acrB,fepC,proB,ltaE,trpD
12,JW1392,JW2029,JW2535,JW2880,JW3646,JW3929,JW0454,JW0002,JW0233,JW0890,JW1256,JW1394
13,paaJ,wcaL,glyA,serA,ilvB,argE,kefA,thrB,proA,serC,trpE,paaX
14,JW1789,JW2043,JW2537,wild_type,JW2975,JW3722,JW3932,JW0473,JW0036,JW0253,JW0891,JW1295
15,yeaU,wcaB,glnB,wild_type,metC,asnA,argH,copA,caiC,mmuM,aroA,puuE
0,JW1576,JW2001,JW2580,JW3194,JW3742,JW3973,JW0475,JW0070,JW0266,JW0911,JW1383,JW2002
1,speG,hisG,pheA,nanA,ilvM,metA,ybaT,leuD,argF,aspC,paaA,hisD
2,JW2326,JW2581,JW3242,JW5606,JW3979,JW0479,JW0071,JW0377,JW0989,JW1384,JW1694,JW2003
3,aroC,tyrA,aroE,ilvE,metH,ybbL,leuC,proC,wrbA,paaB,aroH,hisC
4,JW2337,JW2582,JW3322,JW3745,JW3984,JW0484,JW0073,JW0379,JW1046,JW1385,wild_type,JW1733
5,sixA,aroF,argD,ilvA,lysC,ybbA,leuA,aroL,solA,paaC,wild_type,astE
6,JW2007,JW2370,JW2786,JW5652,JW3805,JW4013,JW0576,JW0381,JW1252,JW1387,JW1734,JW2008
7,hisF,oxc,argA,avtA,metE,alr,fes,aroM,trpA,paaE,astB,hisI
8,JW2407,JW2806,JW3582,JW3841,JW4014,JW4351,JW0578,JW0758,JW0810,JW2187,JW2558,JW3198
9,cysK,lysA,cysE,glnA,tyrB,serB,entF,bioB,moeB,ccmC,nadB,sspA
10,JW3942,JW0231,JW0922,JW1062,JW4355,JW0585,JW0759,JW0811,JW1801,JW2188,JW2566,wild_type
11,coaA,phoE,ycbR,flgD,slt,entC,bioF,moeA,pabB,ccmB,trxC,wild_type
12,JW3323,JW3953,JW0372,JW1022,JW1063,JW0051,JW0586,JW0760,wild_type,JW0833,JW1969,JW2255
13,pabA,thiH,ddlA,csgE,flgE,pdxA,entE,bioC,wild_type,grxA,cobT,menE
14,JW2663,JW3775,JW3957,JW0431,JW1024,JW1064,JW0105,JW0587,JW0761,JW0914,JW1970,JW2256
15,gshA,hemX,thiE,ppiD,csgB,flgF,nadC,entB,bioD,pncB,cobS,menC
0,JW2783,JW5581,JW3958,JW0519,JW1025,JW1065,JW0129,JW0623,JW0765,JW1331,JW1971,JW2857
1,ygdL,ubiE,thiC,sfmA,csgA,flgG,panC,lipA,moaB,abgB,cobU,idi
2,JW3820,JW4349,JW0520,JW1057,JW1067,JW0130,JW0766,JW1388,JW2041,JW2317,JW2863,JW0135
3,fre,lplA,sfmC,flgN,flgI,panB,moaC,paaF,wcaD,pdxB,fldB,htrE
4,wild_type,JW0628,JW1059,JW1068,JW0733,JW0767,JW1389,JW2091,JW2429,JW2874,JW3900,JW0192
5,wild_type,rlpA,flgA,flgJ,nadA,moaD,paaG,thiM,hemF,visC,rraA,rcsF
6,JW0707,JW1060,JW1069,JW0415,JW0757,JW0768,JW1628,JW2186,JW2548,JW2914,JW3901,JW0230
7,ybgP,flgB,flgK,panE,bioA,moaE,pdxY,ccmD,pdxJ,gshB,menA,crl
8,JW0709,JW1061,JW1093,JW1496,JW1869,JW1923,JW1935,JW3112,JW3604,wild_type,JW5599,JW4277
9,ybgD,flgC,nagZ,ydeQ,flhB,fliG,rcsA,yraI,rfaS,wild_type,rffD,fimA
10,JW0462,JW1283,JW1876,JW2764,JW1500,wild_type,JW1880,JW1925,JW2020,JW3175,JW3605,JW5598
11,htpG,sapF,cheW,syd,hipA,wild_type,flhC,fliI,wbbH,mtgA,rfaP,rffG
12,JW4279,JW0598,JW1417,JW1878,JW2861,JW1633,JW1905,JW1927,JW2022,JW3594,JW3606,JW3763
13,fimC,ahpC,trg,motB,dsbC,slyB,fliY,fliK,rfbX,rfaD,rfaG,rffH
14,JW4281,JW0941,JW1477,JW1879,JW2988,JW1660,JW1908,JW1928,JW2163,JW3595,JW3607,JW3770
15,fimF,sulA,osmC,motA,ygiS,ydhU,fliC,fliL,spr,rfaF,rfaQ,rffM
0,JW4283,JW0985,JW1561,JW1886,JW3142,JW1698,JW1909,JW1929,JW2336,JW3597,JW0013,JW1165
1,fimH,cbpA,dicC,otsB,secG,nlpC,fliD,fliM,yfcV,rfaL,dnaK,minC
2,JW2183,JW3146,JW1728,JW1910,JW1930,JW2428,JW3600,JW4097,JW0014,JW1236,wild_type,JW1720
3,ccmG,rrmJ,osmE,fliS,fliN,amiA,rfaY,cutA,dnaJ,oppB,wild_type,cedA
4,JW2465,JW3286,JW1844,JW1911,JW1932,JW2601,JW3601,JW3758,JW4103,JW0303,JW1239,JW1721
5,bcp,gspC,lpxM,fliT,fliP,smpB,rfaJ,rfe,groL,betA,oppF,katE
6,JW2510,JW3288,JW1868,JW1922,JW1933,JW2982,JW3602,JW5600,JW4192,JW0304,JW1275,JW1873
7,hscA,gspE,flhA,fliF,fliQ,yqhH,rfaI,rffE,mpl,betB,osmB,cheR
8,JW2654,JW3289,JW3290,JW3684,JW0495,JW0987,JW1595,JW2025,JW2487,JW2734,wild_type,JW2924
9,proX,gspF,gspG,trmE,gcl,agp,pntA,rfbD,ppx,cysJ,wild_type,ansB
10,JW3300,JW3794,JW4034,JW3291,JW0116,JW0510,JW0999,wild_type,JW1611,JW2026,JW2525,JW2759
11,chiA,pldA,nrfD,gspH,speD,ybcF,putA,wild_type,hdhA,rfbB,hcaB,gudX
12,JW2946,JW3414,JW5584,JW4036,JW3293,JW0181,JW0661,JW1005,JW1643,JW2027,JW2636,JW2768
13,glcD,ugpQ,pldB,nrfF,gspJ,ldcC,nagD,phoH,gloA,galF,gabD,sdaB
14,JW2947,JW3913,JW4037,JW3294,JW0202,JW0663,JW1178,JW1756,JW2033,JW2720,JW2842,JW2956
15,glcC,metF,nrfG,gspK,gloB,nagA,dadA,ansA,cpsG,cysC,yqeA,gss
0,wild_type,JW3553,JW4053,JW4040,JW3309,JW0315,JW0664,JW1179,JW1803,JW2037,JW2721,JW2871
1,wild_type,sgbH,phnP,fdhF,fkpA,yahI,nagB,dadX,sdaA,fcl,cysN,gcvP
2,JW2972,JW3591,JW3866,JW4198,JW3324,JW0330,JW0680,JW1310,JW2010,JW2038,JW2722,wild_type
3,yghA,tdh,fdhD,treC,fic,cynT,speF,ycjU,ugd,gmd,cysD,wild_type
4,JW2872,JW3143,wild_type,JW3592,JW3895,JW4222,JW3513,JW0331,JW0808,JW2023,JW2233,JW2732
5,gcvH,glmM,wild_type,kbl,fpr,idnT,dppA,cynS,ybiY,rfbC,glpQ,cysH
6,JW2873,JW3181,JW5594,JW4031,JW4223,JW3584,JW0469,JW0963,JW1594,JW2024,JW2363,JW2733
7,gcvT,gltF,aslB,nrfA,idnO,secB,ushA,appA,pntB,rfbA,dsdA,cysI
8,JW2905,JW3192,JW3773,JW4033,JW4224,JW4225,JW0442,JW2031,JW4002,JW0156,JW0494,JW0762
9,speA,nanE,aslA,nrfC,idnD,idnK,tesB,wzxC,dgkA,dgt,allR,uvrB
10,JW5727,JW0212,JW0567,JW0955,JW1217,JW4285,JW0465,JW2218,JW4030,JW0178,JW0500,JW0871
11,phnK,lpcA,nfnB,hyaB,narJ,uxuA,aes,atoB,acs,rnhB,allB,trxB
12,JW4060,JW0336,JW0606,JW0956,JW1218,JW4286,JW0975,JW2433,JW0028,JW0204,JW0511,JW0893
13,phnI,lacI,citX,hyaC,narI,uxuB,ymcE,eutC,rihC,rnhA,purK,cmk
14,JW4062,JW0338,JW0609,JW0958,JW1224,JW0035,JW1077,JW2804,JW0031,JW0228,JW0512,JW0928
15,phnG,mhpA,citD,hyaE,galU,caiD,fabH,aas,carB,gpt,purE,pyrD
0,JW4092,JW0342,JW0740,JW0959,JW1293,JW0039,JW1081,JW3314,JW0048,JW0328,JW0602,JW1049
1,cadA,mhpF,galK,hyaF,puuC,caiT,fabF,kefG,apaH,codA,rnk,pyrC
2,JW4172,JW0343,JW0741,wild_type,JW0981,JW1412,JW0041,JW1263,JW3765,JW0050,JW0388,JW0603
3,cysQ,mhpE,galT,wild_type,torC,aldA,fixB,yciK,rffA,ksgA,sbcD,rna
4,JW1220,JW0043,JW0347,JW0742,wild_type,JW0982,JW1439,JW0042,JW1532,JW3766,JW0101,JW0412
5,purU,fixX,frmA,galE,wild_type,torA,ydcW,fixC,ydfG,wzxE,guaC,xseB
6,JW0646,JW1226,JW0045,JW0393,JW0879,JW1051,JW1460,wild_type,JW0408,JW1653,JW3889,JW0155
7,rihA,tdk,kefF,malZ,dmsC,grxB,narV,wild_type,pgpA,cfa,cdh,pfs
8,JW0466,JW0704,JW0142,JW0448,JW0954,JW1184,JW1461,JW1462,JW1605,JW1792,JW2120,JW2194
9,gsk,nei,sfsA,maa,hyaA,ymgE,narW,narY,manA,yeaX,bglX,napA
10,JW2439,JW2675,JW2697,JW3033,JW3328,JW3391,JW3543,JW1463,JW1608,JW1816,JW2155,JW2196
11,eutE,gutM,hypB,ttdA,nirB,glgP,malS,narZ,uidB,kdgR,fruK,napF
12,JW2509,JW5433,JW2698,JW3034,JW3329,JW3392,JW3545,JW1470,JW1609,JW1839,JW2182,JW2215
13,fdx,hypF,hypC,ttdB,nirD,glgA,yiaI,fdnG,uidA,eda,ccmH,atoD
14,JW2523,JW2683,JW2699,JW5511,JW3342,JW3394,JW3552,JW1472,JW1614,JW1840,JW2184,JW2216
15,hcaF,hydN,hypD,ebgA,php,glgX,lyxK,fdnI,malY,edd,ccmF,atoA
0,JW2524,JW2686,JW2811,JW3048,JW3352,JW3395,JW3574,JW1512,JW1620,JW1862,JW2185,JW2235
1,hcaC,ascB,kduI,ebgC,aroB,glgB,mtlD,tam,rsxB,torY,ccmE,glpA
2,JW2526,JW2689,JW2884,JW3052,JW3379,JW3487,wild_type,JW3579,JW1514,JW1622,JW1912,JW2190
3,hcaD,hycG,yliK,fadH,malQ,treF,wild_type,lldR,uxaB,rsxD,amyA,napC
4,JW2236,JW2536,wild_type,JW2690,JW2962,JW3062,JW5687,JW3536,JW3585,JW1579,JW1624,JW2039
5,glpB,hmp,wild_type,hycF,hybC,uxaA,glpG,xylB,grxC,ynfE,rsxE,wcaF
6,JW2192,JW2237,JW2648,JW2691,JW2965,JW3063,JW3388,JW3537,JW3699,JW1581,JW1723,JW2075
7,napH,glpC,nrdH,hycE,hybO,uxaC,glpE,xylA,bglB,ynfG,chbF,gatD
8,JW2193,JW2436,JW2674,JW2696,JW2978,JW3155,JW3389,JW3541,JW3863,JW1793,JW2171,JW2553
9,napG,eutH,srlD,hypA,yqhD,sfsB,glpD,xylR,fdoI,rnd,rsuA,lepA
10,JW3617,JW4204,JW0492,JW1556,JW3076,JW4068,JW0647,JW3865,JW2576,JW3857,JW4313,JW2115
11,pyrE,pyrB,ybbS,relB,yhaJ,phnB,gltL,fdoG,rluD,rbn,hsdR,mlrA
12,JW3197,JW4360,JW0648,JW2397,JW2650,JW3969,JW4344,JW0979,wild_type,JW2231,JW3212,JW0205
13,sspB,creA,gltK,xapB,nrdE,purD,deoC,torT,wild_type,inaA,aaeR,dnaQ
14,JW0649,JW1344,JW1963,JW2398,JW2651,JW4135,JW4345,JW1145,JW2452,JW3661,JW0221,JW0665
15,gltJ,recE,amn,xapA,nrdF,purA,deoA,mcrA,aegA,yidP,dinB,nagE
0,JW3731,wild_type,JW1615,JW2050,JW2484,JW2788,JW4171,JW4347,JW1149,JW2755,JW3702,JW0582
1,rbsK,wild_type,add,dcd,purM,recB,cpdB,deoD,ycgE,relA,phoU,fepD
2,JW0679,JW5578,JW1625,JW2131,JW2485,JW2809,JW4196,JW0298,JW1313,JW2837,JW3778,JW0584
3,potE,fadA,nth,cdd,purN,araE,nrdG,ykgD,ycjW,ygeV,cyaA,fepB
4,JW0684,JW3822,JW1738,JW2146,JW2493,JW2860,JW4197,JW0440,JW1379,JW3032,JW3926,JW0604
5,kdpC,fadB,xthA,nfo,xseA,recJ,nrdD,glnK,feaR,ygiP,yijO,citT
6,JW0686,JW3862,JW1748,JW2149,JW2541,JW2912,JW4203,JW0476,JW1382,JW3977,JW0622,JW0734
7,kdpA,fdhE,nudG,rihB,purL,endA,pyrI,cueR,maoC,arpA,tatE,pnuC
8,JW0744,JW0815,JW0887,JW1110,JW1285,JW1438,JW1521,JW1726,JW1888,JW2117,JW3704,JW3888
9,modE,yliC,focA,potC,sapC,ydcV,ydeA,chbC,araG,yehX,pstA,sbp
10,JW0747,JW0826,JW0916,JW1112,JW1286,JW1478,wild_type,JW1597,JW1727,JW1889,JW2135,JW3705
11,modB,cmr,ssuB,potA,sapB,ddpF,wild_type,ydgI,chbB,araF,mglC,pstC
12,JW3898,JW0748,JW0838,JW0932,JW1175,JW1287,JW1479,JW1613,JW1758,JW1893,JW2136,JW3706
13,glpF,modC,potF,uup,nhaB,sapA,ddpD,malX,ydjE,ftn,mglA,pstS
14,JW3921,JW0769,JW0841,JW0953,JW1207,JW1304,JW1480,wild_type,JW1699,JW1806,JW1895,JW2137
15,frwC,ybhL,potI,yccA,chaA,ycjO,ddpC,wild_type,btuD,manX,tyrP,mglB
0,JW3922,JW0794,JW0845,JW1001,JW1208,JW1305,JW1481,JW1700,JW1808,JW1903,JW2143,JW3728
1,frwB,glnQ,artM,putP,chaB,ycjP,ddpB,btuE,manZ,yecS,lysP,rbsA
2,JW3925,JW0795,JW0846,JW1040,JW1238,JW1311,JW1487,JW1701,JW1962,JW3658,JW3729,JW3938
3,frwD,glnP,artQ,mdtG,oppD,ycjV,gadC,btuC,shiA,glvG,rbsC,btuB
4,JW0796,JW0847,JW1087,JW1242,JW1358,JW1490,JW1718,JW2076,JW3659,JW3789,JW3991,JW0804
5,glnH,artI,ptsG,kch,trkG,yddB,ydjN,gatC,glvB,corA,xylE,ybiT
6,JW0848,JW1109,JW1284,JW1436,JW1506,JW1725,JW1848,JW2085,JW3700,JW3878,JW3992,JW3993
7,artP,potD,sapD,ydcT,ego,chbA,znuB,yegT,bglF,rhaT,malG,malF
8,JW4072,JW4247,JW0226,JW1053,JW2173,JW2473,JW2362,JW2415,JW2531,JW2767,JW2973,JW3994
9,proP,fecE,prfH,rimJ,rplY,hyfH,dsdX,cysA,yphE,sdaC,exbD,malE
10,JW4081,JW4249,JW0395,JW1072,JW2249,wild_type,JW2380,wild_type,JW2417,JW2638,JW2772,wild_type
11,melB,fecC,queA,rluC,yfbG,wild_type,ypdD,wild_type,cysU,gabP,fucP,wild_type
12,JW2974,JW3995,JW4084,JW4251,JW0396,JW1075,JW2315,JW2154,JW2388,JW2418,JW2652,JW2797
13,exbB,malK,dcuB,fecA,tgt,rpmF,truA,fruA,mntH,cysP,proV,ptsP
14,JW3064,JW4038,JW4093,JW4264,JW0514,JW1423,JW2467,JW2156,JW2389,JW2454,JW2653,JW2813
15,exuT,gltP,cadB,sgcA,ppiB,rimL,hyfB,fruB,nupC,acrD,proW,yqeG
0,JW3101,JW4047,JW4166,JW4284,JW0836,JW5962,JW2469,JW2199,JW2406,JW2477,JW2673,JW2850
1,kbaZ,alsC,cycA,gntP,rimK,sra,hyfD,yojI,cysZ,focB,srlB,ygfO
2,JW3105,JW4049,JW4168,JW4331,JW0843,JW1707,JW2470,JW2217,JW2408,JW2478,JW5435,JW2900
3,agaS,alsB,ytfF,fhuF,rumB,rpmI,hyfE,atoE,ptsH,yfgO,ascF,cmtA
4,JW3106,JW4066,JW4199,JW4363,JW0868,wild_type,JW1753,JW2471,JW2303,JW2409,wild_type,JW2482
5,kbaY,phnD,treB,creD,aat,wild_type,selD,hyfF,hisP,ptsI,wild_type,uraA
6,JW2710,JW2901,JW3107,JW4201,JW0024,JW0936,JW1811,JW2472,JW2306,JW2410,JW2530,JW2760
7,ygbN,cmtB,agaB,mgtA,ileS,rmf,rrmA,hyfG,hisJ,crr,yphD,gudP
8,JW2955,JW3108,JW3110,JW3251,JW3416,JW3443,JW3512,JW0033,JW0418,JW0919,JW1302,JW1833
9,pitB,agaC,agaI,trkA,ugpE,nikC,dppB,caiF,cyoE,ssuA,ycjM,exoX
10,JW1934,JW2263,JW3130,JW3252,JW3417,JW3444,JW3538,JW0067,JW0499,JW1039,JW1322,JW1861
11,fliR,elaC,mtr,mscL,ugpA,nikD,xylF,tbpA,ybbW,msyB,mppA,torZ
12,JW1993,JW2345,JW3162,JW3298,JW3418,JW3445,JW3539,JW0076,JW0597,JW1111,JW1380,JW1863
13,sbcB,intS,yrbF,bfr,ugpB,nikE,xylG,ilvI,dsbG,potB,feaB,cutC
14,wild_type,JW2004,JW2375,JW3168,JW3313,JW3420,JW3540,JW0608,JW1119,JW1870,JW2006,JW2416
15,wild_type,hisB,ddg,yhbG,kefB,livG,xylH,citE,trmU,cheZ,hisA,cysW
0,JW3171,JW3315,JW3421,JW3496,JW3573,JW0254,JW0610,JW1144,JW1420,JW1887,JW2100,JW2434
1,ptsN,yheS,livM,dctA,mtlA,afuC,citC,pin,mdoD,araH,mrp,eutB
2,JW3173,JW3371,JW3422,JW3509,JW3628,JW0340,JW0743,JW1254,JW5907,JW1898,JW2240,JW2437
3,npr,feoA,livH,dppF,gltS,mhpC,modF,trpC,yncB,uvrC,yfaV,eutG
4,JW3196,JW3372,JW3423,JW3510,JW3629,JW0357,JW0780,JW1289,JW1474,JW1906,JW2254,JW2464
5,dcuD,feoB,livK,dppD,yicE,tauA,ybiH,puuP,adhP,fliZ,pmrD,gcvR
6,JW3250,JW5690,JW3441,JW3511,JW3641,JW0374,JW0844,JW1296,JW1492,JW1924,JW2260,JW2466
7,rsmB,gntT,nikA,dppC,uhpT,phoA,artJ,pspF,ydeM,fliH,menF,hyfA
8,wild_type,JW2475,JW2915,JW3102,JW3226,JW3025,JW3611,JW4107,JW0538,JW3385,JW0107,JW0496
9,wild_type,hyfJ,yqgE,agaV,panF,glnE,rpmG,efp,rusA,rtcR,ampE,hyi
10,JW0727,JW2483,JW3126,JW3253,JW3815,JW4129,JW0781,JW3468,JW0275,JW0526,JW0728,JW2598
11,tolQ,upp,yhbT,yhdL,tatC,miaA,rhlE,arsR,intF,ybcC,tolR,smpA
12,JW2926,JW3144,JW3312,JW3227,JW3858,JW4158,JW0983,JW3756,JW0316,JW0531,wild_type,wild_type
13,yggL,folP,yheV,prmA,dtd,rpsF,torD,rho,yahJ,emrE,wild_type,wild_type
14,JW2639,JW2932,JW3148,JW3330,JW3261,JW3907,JW4161,JW1586,JW4178,JW0346,JW0544,JW0864
15,csiR,nupG,greA,nirC,rpmJ,rpmE,rplI,dgsA,msrA,frmB,ybcS,cspD
0,JW2735,JW3157,JW3333,JW3311,JW4194,JW2088,JW4262,JW0368,JW0546,JW0918,JW2847,JW3065
1,ygcM,yrbA,frlA,slyD,pmbA,yegW,sgcR,sbmA,borD,ssuD,ssnA,exuR
2,wild_type,JW3176,JW2667,JW3326,JW3946,JW4333,JW2554,JW4359,JW0423,JW0558,JW0933,JW2869
3,wild_type,elbB,alaS,ppiA,rplK,rsmC,rseC,rob,ampG,nfrB,pqiA,bglA
4,JW5806,JW3193,JW2713,JW3563,wild_type,JW4050,JW4335,JW2555,JW0052,JW0445,JW0590,JW0934
5,tdcD,nanT,pcm,selB,wild_type,rpiR,rimI,rseB,surA,ybaA,cstA,pqiB
6,JW2913,JW3091,JW3216,JW2858,JW3564,JW4090,JW0406,JW3000,JW0106,JW0468,JW0720,JW0974
7,yggJ,yhaB,rng,lysS,selA,lysU,nusB,cpdA,ampD,fsr,mngA,cspG
8,JW1126,JW1345,JW1549,JW2067,JW2480,JW3024,JW3525,JW3425,JW3627,JW3897,JW4099,JW5967
9,intE,racC,cspB,ogrK,yfgD,rfaE,cspA,livJ,recG,glpK,aspA,sgcB
10,JW1127,JW1381,JW1550,JW2132,wild_type,JW2513,JW3234,JW3664,JW3469,JW3662,JW3911,JW4100
11,ymfG,tynA,cspF,sanA,wild_type,iscU,acrF,ibpA,arsB,yidE,metL,fxsA
12,JW4338,JW1297,JW1425,JW1573,JW2141,JW2602,JW3348,JW3894,JW3493,JW3663,JW3955,JW4108
13,osmY,pspA,tehA,rspA,yeiG,intA,gph,yiiT,yhjH,ibpB,thiS,ecnB
14,JW4341,JW1298,JW1426,JW1642,JW2197,JW2660,JW3363,JW3952,JW3499,JW3675,JW3956,JW4122
15,yjjV,pspB,tehB,nemA,eco,emrA,hslR,htrC,bcsZ,yidB,thiF,rsgA
0,JW4046,JW1299,JW1458,JW1670,JW2246,JW2661,wild_type,JW3440,JW3369,JW3534,JW3686,wild_type
1,alsE,pspC,nhoA,sufS,ais,emrB,wild_type,acpT,greB,yiaA,tnaA,wild_type
2,JW3978,JW4127,JW4111,JW1300,JW1525,JW1812,JW2310,JW2714,JW3461,wild_type,JW3370,JW3561
3,iclR,amiB,ampC,pspD,marB,cspC,cvpA,surE,yhiO,wild_type,yhgF,aldB
4,JW3725,JW4032,JW4208,JW4152,JW1301,JW1538,JW1884,JW2364,JW2753,JW3462,JW3620,JW3813
5,yieN,nrfB,yjgJ,ulaB,pspE,pinQ,yecG,emrY,chpA,uspA,dinD,tatA
6,JW4035,JW4248,JW4153,JW1339,JW1544,JW2046,JW2365,JW2836,JW3470,JW3415,JW3621,JW3838
7,nrfE,fecD,ulaC,intR,cspI,wzb,emrK,xdhC,arsC,ugpC,yicG,hemN
8,JW4042,JW4250,JW4154,JW4155,JW4236,JW1248,JW0669,JW2074,JW2906,JW3092,JW3236,JW3622
9,yjcQ,fecB,ulaD,ulaE,yjgZ,ompW,fur,gatR,yqgB,yhaC,yhdW,ligB
10,JW3750,JW3935,JW4156,JW4327,JW1926,JW2468,JW1209,JW2102,JW2910,JW3093,JW5937,JW3780
11,yifN,fabR,ulaF,yjjB,fliJ,hyfC,chaC,molR,galP,garK,ysdC,yzcX
12,JW4065,JW4184,JW4329,JW1037,JW1142,JW1484,JW2925,JW3095,JW3660,JW3781,JW4080,JW4265
13,phnE,chpB,yjjQ,mdoH,tfaE,dos,yggN,garL,glvC,yifL,melA,sgcQ
14,JW0003,JW1237,JW0291,JW2514,JW2976,JW3096,JW3449,JW3740,JW3803,JW4266,JW0660,JW2442
15,thrC,oppC,eaeH,iscS,yghB,garP,yhhH,ilvG,yigM,sgcC,asnB,eutI
0,JW0657,JW1571,JW3058,JW3103,JW3457,JW3741,JW3831,JW3071,wild_type,JW0737,JW0482,JW3179
1,ybeZ,intQ,ygjR,agaW,yhiL,ilvG,yihE,yqjK,wild_type,aroG,ybbO,gltB
2,JW3471,JW3747,JW3832,JW4163,JW3590,JW0127,JW2090,JW0857,JW1710,JW2774,JW3087,JW3184
3,yhiS,ilvC,dsbA,ytfA,yibD,panD,thiD,hcp,arpB,fucK,tdcC,yhcE
4,JW3526,JW3748,JW3848,JW4211,JW3634,JW3961,JW0565,JW1035,JW2886,JW3088,wild_type,JW3187
5,hokA,ppiC,yihP,argI,yicL,hemE,pheP,mdoG,ygfG,tdcB,wild_type,yhcE
6,JW3618,JW3749,JW3868,JW4227,JW4234,JW0687,JW2579,JW4233,JW5087,JW5129,JW5195,JW5230
7,rph,yifO,frvR,intB,yjgX,kdpF,pheL,yjgW,citF,mgsA,tonB,yncN
8,JW5260,JW5290,JW4242,JW1219,JW2878,JW4246,JW5027,wild_type,JW5049,JW5092,JW5199,JW5261
9,ynfF,ydjK,yjhE,tpr,zapA,yjhV,mmuP,wild_type,ykiB,gltI,yciX,ynfH
10,JW5293,JW1257,JW3642,JW5001,JW5054,JW5100,JW5141,JW5201,JW5264,JW5294,JW4302,JW1390
11,yeaV,trpL,uhpC,htgA,psiF,tolB,ycdN,puuA,ynfK,yeaW,yjiQ,paaH
12,JW3685,JW5004,JW5061,JW5104,JW5203,JW5242,JW5298,JW1607,JW3739,JW5034,JW5117,JW5156
13,tnaC,caiE,mdlB,ybhF,ymjB,yddA,yobH,uidC,ilvL,ykgM,hcr,plsX
14,JW5209,JW5244,JW5271,JW5299,JW1705,JW5011,JW5035,JW5072,JW5118,JW5218,JW5251,JW5911
15,sieB,yneL,ydhX,yebQ,pheM,ligT,ykgM,sfmF,dmsA,paaK,ynfO,yniD
0,wild_type,JW0057,JW3997,JW5018,JW5040,JW5121,JW5182,JW5225,JW5254,JW5282,JW5313,JW2000
1,wild_type,rluA,malM,mltD,ykgC,ssuC,dsbB,hokB,ynfN,astD,yedO,hisL
2,JW5046,JW5078,JW5122,JW5227,JW5257,JW5286,JW5913,JW5316,JW5343,JW5368,JW5401,JW5923
3,mhpT,nmpC,ycbQ,yncK,ynfP,ynjD,intG,fliO,gatY,yojL,guaB,ygfK
4,JW5482,JW5494,JW5510,JW5528,JW5545,JW5557,JW5915,JW5374,JW5449,JW5469,JW5924,JW5926
5,speC,hybB,ygjG,yraR,yhdY,yijE,molR,menD,amiC,ygfT,yghE,yghX
6,JW5513,JW5533,JW5546,JW5560,JW5387,JW5413,JW5470,JW5484,JW5496,JW5514,JW5534,JW5547
7,ygjO,yhbC,zraP,kdgT,torI,rimM,ygfU,yghF,yghY,ygjP,yhbX,nfi
8,JW5562,JW5328,JW5359,JW5453,JW5515,JW5538,JW5549,JW5929,JW5330,JW5394,JW5421,JW5459
9,frvB,yoeF,yeiS,yqeF,alx,nanK,thiG,yiiE,yeeF,ucpA,ypjJ,ygeM
10,JW5473,JW5490,JW5499,JW5516,JW5539,JW5551,JW5331,JW5363,JW5397,JW5425,JW5462,JW5491
11,ygfB,yghQ,dkgA,yqjC,yhcB,sthA,yoeB,bcr,hda,ygaQ,xdhA,yghS
12,JW5927,JW5519,JW5540,wild_type,JW5553,JW5566,JW5366,wild_type,JW5463,JW5479,JW5492,JW5505
13,ygiB,yhaO,yhcN,wild_type,argB,yihX,ccmA,wild_type,ygeW,yggU,yghU,yqiC
14,JW5526,JW5543,JW5567,JW5367,JW5399,JW5446,JW5464,JW5493,JW5508,JW5527,JW5544,JW5555
15,garR,yhdJ,yihW,napB,yfgG,exo,yqeC,hybF,yqiH,agaA,yhdX,ptsA
0,JW5568,JW5569,JW5590,JW5613,JW5636,JW5650,JW5669,JW5680,JW5705,JW5716,JW5730,JW5637
1,yihV,yihS,yigG,yieK,yicO,sgbU,hdeB,yhhT,gspL,yjbO,eptA,yicN
2,JW5651,JW5670,JW5945,JW5696,JW5706,JW5731,JW5571,JW5601,JW5641,JW5654,JW5663,JW5672
3,yiaN,yhiD,yhhS,yhfY,gspI,adiA,bipA,wzzE,ttk,yiaB,bcsF,yhiQ
4,JW5682,JW5697,JW5949,JW5718,JW5732,JW5631,JW5643,JW5655,JW5941,JW5674,JW5683,JW5698
5,dcrB,yhfU,yrdD,yjcB,yjdO,cbrA,yicR,yiaF,yhjQ,yhiK,yhhL,frlR
6,JW5711,JW5734,JW5574,JW5605,JW5644,JW5656,JW5665,JW5700,JW5735,JW5580,JW5609,JW5633
7,yjbF,dipZ,yihF,ilvD,htrL,tiaE,bcsA,frlB,dcuA,tatB,trkD,yidQ
8,JW5645,JW5940,JW5942,JW5676,JW5691,JW5701,JW5713,wild_type,JW5721,JW5736,JW5588,JW5611
9,yibQ,bisC,bcsC,rbbA,gntX,yhfK,ubiC,wild_type,yjcS,yjeI,yigI,atpI
10,JW5634,JW5648,JW5659,JW5943,JW5677,JW5692,JW5703,JW5714,JW5737,JW5589,JW5612,JW5660
11,emrD,yiaY,yhjY,yhjK,yhhJ,hslO,yheO,zur,ecnA,rarD,yieL,eptB
12,JW5668,JW5694,wild_type,JW5704,JW5950,JW5729,JW5738,JW5739,JW5764,JW5778,JW5791,JW5801
13,kdgK,yrfA,wild_type,gspM,yjbN,yjcZ,sugE,yjeM,yjgX,yjhA,yjiY,yjjX
14,JW5925,JW5576,JW5627,JW5954,JW5010,JW5022,JW5741,JW5753,JW5779,JW5793,JW0478,wild_type
15,yghJ,trkH,dgoR,yjiV,yadD,yafX,rnr,ytfT,fimI,yjjN,ybbK,wild_type
0,JW5487,JW5931,JW5628,JW5213,JW5012,JW5023,JW5743,JW5754,JW5794,JW2879,JW5500,JW5629
1,glcE,tatD,dgoA,rzoR,clcA,ykfF,yjfO,yjfF,mdoB,ygfA,yqhG,dgoD
2,JW5013,JW5744,JW5756,JW5768,JW5782,JW5795,wild_type,JW4263,JW5501,JW5585,JW5699,JW5382
3,cdaR,ulaA,yjgK,yjhB,yjiD,yjjA,wild_type,sgcE,ygiQ,rhtB,frlC,yfdI
4,JW5014,JW5030,JW5745,JW5757,JW5769,JW5783,JW5796,JW5429,JW5509,JW5586,JW5708,JW5016
5,yaeI,yagV,ytfB,yjgL,yjhC,yjiH,yjjP,srlA,yqiI,rhtC,smf,yaeF
6,JW5031,JW5746,JW5758,JW5770,JW5784,JW5797,JW5430,JW5518,JW5591,JW5946,JW5017,JW5033
7,ykgK,fklB,yjgM,yjhD,kptA,yjjZ,srlE,yhaM,yigE,gntR,yafD,ykgL
8,JW5747,JW5759,JW5952,JW5785,JW5467,JW5520,JW5596,wild_type,JW5748,JW5005,JW5019,JW5037
9,ytfH,yjgN,yjhU,yjiL,ygfQ,tdcG,rffT,wild_type,ytfI,yabI,yafV,ykgA
10,JW5749,JW5763,JW5775,JW5786,JW5477,JW5558,JW5610,JW5752,JW5008,JW5020,JW5039,JW5042
11,ytfK,yjgX,yjhH,yjiM,yggP,cpxP,yieM,ytfR,yacG,fadE,ykgI,ykgG
12,JW5059,wild_type,JW5082,JW5098,JW5126,JW5139,JW5158,JW5173,JW5187,JW5208,JW5893,JW5062
13,yajR,wild_type,cusS,ybgO,ycbX,ycdL,ycfP,icdC,dhaK,lar,yahH,ylaB
14,JW5083,JW5099,JW5113,JW5127,JW5147,JW5159,JW5174,JW5196,JW5210,JW5224,JW5044,JW5063
15,ybdF,ybgQ,ybjI,ymbA,ycdZ,ycfQ,ycgG,yciO,ydaG,cybB,yahM,ylaC
0,JW5086,JW5102,JW5114,JW5128,JW5150,JW5901,JW5197,JW5211,JW5226,JW5066,JW5090,JW5103
1,fepA,ybhT,ybjK,yccS,ymdC,ycgH,yciQ,ydaW,ydcI,ybbM,ybeB,ybhJ
2,JW5116,JW5130,JW5151,JW5164,JW5178,JW5200,JW5228,JW5051,JW5070,JW5091,JW5105,JW5131
3,ybjT,yccU,yceK,ymfA,ymgG,yciW,ydcM,yaiU,ybcJ,ybeQ,ybiX,yccX
4,JW5152,JW5166,JW5180,JW5202,JW5216,JW5229,JW5053,JW5073,JW5094,JW5107,JW5120,JW5133
5,yceP,ymfE,ycgN,ycjR,ydbL,ydcO,yaiZ,fimZ,ybfG,ybiN,ycaI,ymcD
6,JW5153,wild_type,JW5168,JW5181,JW5205,JW5217,JW5232,JW5056,JW5079,JW5095,JW5108,JW5123
7,flgH,wild_type,ymfI,hlyE,abgA,paaD,ydcX,yajI,rzpD,ybfH,ybiO,ycbV
8,JW5136,JW5155,JW5169,JW5185,JW5206,JW5221,JW5233,JW5058,JW5081,JW5096,JW5109,JW5124
9,ymdF,yceF,ymfT,dhaH,ydaM,ydbD,yncA,yajQ,ybcV,kdpE,fsaA,ycbF
10,JW5137,JW5157,JW5172,JW5186,JW5207,JW5177,JW5237,JW5248,wild_type,JW5265,JW5276,JW5291
11,ycdG,ycfM,stfE,dhaL,ydaQ,ymgD,yncM,marR,wild_type,ydgJ,ydiQ,yeaJ
12,JW5303,JW5317,JW5339,JW5352,JW5371,JW5388,wild_type,JW5405,JW5238,JW5249,JW5267,JW5280
13,yebW,yodD,yegP,yehT,yfaZ,ypdA,wild_type,yphG,sfcA,marA,slyA,pfkB
14,JW5292,JW5306,JW5319,JW5340,JW5353,JW5372,JW5389,JW5406,JW5239,JW5250,JW5283,JW5295
15,yeaP,yebB,yedS,gatR,yehU,yfbE,ypdH,yphH,bdm,eamA,ydjY,yoaB
0,JW5307,JW5323,JW5344,JW5355,JW5373,JW5391,JW5407,JW5240,JW5252,JW5284,JW5296,JW5308
1,yecD,yodB,fbaB,pbpG,yfbJ,yfeA,yfhK,ddpA,ydfO,ynjB,yoaC,yecN
2,JW5345,JW5356,JW5376,JW5408,JW5241,JW5253,JW5270,JW5285,JW5309,JW5329,JW5346,JW5358
3,yegX,yohC,yfbT,yfhB,yddV,gnsB,ydhO,ynjC,yecM,dacD,yohN,yohH
4,JW5377,JW5395,JW5409,JW5243,JW5255,JW5272,JW5287,JW5300,JW5310,JW5335,JW5349,JW5361
5,yfcE,yfeW,yfiP,ydeN,essQ,ydhV,ynjE,proQ,yecT,nudD,yehL,yeiW
6,JW5380,JW5400,JW5412,JW5245,JW5273,JW5288,wild_type,JW5301,JW5312,JW5336,JW5350,wild_type
7,trmC,yfgH,yfiL,yneE,sufB,ynjI,wild_type,yebU,otsA,yegH,yehP,wild_type
8,JW5362,JW5381,JW5402,JW5415,JW5247,JW5263,JW5275,JW5289,JW5302,JW5338,JW5351,JW5384
9,yeiP,yfcM,yfgJ,yfjD,yneI,clcB,ydiO,ydjH,yebV,mdtA,yehR,yfdL
10,JW5404,JW5418,JW5419,JW5438,JW5455,JW5481,JW5776,JW5507,JW0696,JW1282,JW2729,JW0026
11,sseB,yfjO,yfjP,ygbF,yqeJ,mltC,sgcX,yqiG,ybfD,ycjD,ygcK,fkpB
12,JW1464,JW5198,JW5422,JW5456,JW5503,JW5800,JW5542,JW1822,JW0272,JW2875,JW5948,JW5424
13,narU,yciX,ypjA,ygeI,tolC,nadR,yhdP,yebS,yagL,ubiH,yhfZ,ypjC
14,JW5440,JW5457,JW5441,JW3566,JW2528,JW0746,JW2758,JW4064,JW2549,wild_type,JW5426,JW5444
15,ygcQ,pbl,ygcR,rhsA,yphB,modA,gudD,phnE,recO,wild_type,yqaC,ygcE
0,JW5458,JW5531,JW5805,JW0692,JW0194,JW0055,JW3381,JW4056,JW4367,JW2564,JW5427,JW5445
1,ygeK,deaD,hyfI,ybfO,metI,yabP,malT,phnM,thrL,ung,ygaT,ygcG
2,JW5460,JW5803,JW0689,wild_type,JW0323,JW0285,JW3386,JW3518,JW5416,JW5428,JW5450,JW5461
3,ygeN,ybhR,rhsC,wild_type,prpB,yagX,glpR,tag,recN,ygaY,ygdB,ygeQ
4,JW5577,JW5142,JW1730,JW0345,JW1651,JW3530,JW5076,JW2703,JW5431,wild_type,JW5451,JW5475
5,yigZ,ycdR,ydjQ,yaiL,ydhB,glyS,ylcG,mutS,gutQ,wild_type,ppdB,rpiA
6,JW1780,JW0820,JW3384,JW1572,JW2799,JW5437,JW5454,JW5476,JW5707,JW5442,JW1451,JW0952
7,yeaN,yliH,rtcB,rspB,mutH,rpoS,yqeH,ygfI,gspD,ygcU,rhsE,yccK
8,JW1948,JW3650,JW2505,JW2862,JW2928,JW3718,JW5146,JW0617,JW1769,JW1449,JW2054,JW0533
9,yedS,yidF,sseA,xerD,mutY,gidB,ycdW,crcA,yeaD,yncG,yegD,ybcL
10,JW0487,JW1985,JW2057,JW2987,JW3719,JW1321,JW1055,JW1804,JW1495,JW2060,JW1229,JW1773
11,ybbC,yeeT,yegK,parC,gidA,ycjZ,mviM,yoaD,ydeP,mdtB,ychE,yeaH
12,JW0620,JW1986,JW2098,JW3038,JW3720,JW1494,JW1347,JW0124,JW1528,JW1089,JW0320,JW2134
13,ybeH,yeeU,yehD,dnaG,mioC,ydeO,kil,yadH,ydeH,hinT,yahN,yeiA
14,JW0774,JW1987,JW2157,JW3284,wild_type,JW3784,JW1504,JW1370,JW0196,JW1621,JW0700,JW0265
15,ybhQ,yeeV,setB,pioO,wild_type,xerC,ydeV,uspF,gmhB,rsxC,ybgI,yagI
0,JW0134,JW0899,JW2016,JW2291,JW3350,JW0119,JW2097,JW1536,wild_type,JW0802,JW1668,JW1678
1,yadM,ycaQ,wbbL,yfbU,dam,cueO,yehC,ydfJ,wild_type,ybiR,ynhG,ydiK
2,JW0280,JW0258,JW1135,JW2017,JW2331,JW3610,JW2333,JW1553,JW1096,JW1671,JW0261,JW1676
3,yagT,ykgN,ymfN,wbbK,yfcQ,mutM,yfcS,rem,ycfJ,sufD,yagE,ydiI
4,JW0362,JW1665,JW2019,JW2344,JW3626,JW0969,JW2335,JW1554,JW1407,JW1784,JW0262,JW1511
5,yaiT,ydhZ,wbbI,yfdC,trmH,ymcC,yfcU,hokD,ynbC,yeaQ,yagF,lsrG
6,JW0383,JW1955,JW2055,wild_type,JW2356,JW3677,JW0049,JW1555,JW1445,JW1965,JW2162,JW1954
7,ykiA,yedZ,yegI,wild_type,yfdP,recF,apaG,relE,yncC,yeeO,yeiU,yedY
8,JW0450,JW1961,JW2056,JW2359,JW2374,JW1591,JW2284,JW0859,JW2907,JW3373,JW3774,JW0001
9,ybaJ,yeeL,yegJ,yfdS,yfdY,mdtI,lrhA,aqpZ,yqgC,yhgG,hemY,thrA
10,JW1070,JW3233,JW2637,JW0339,JW2399,JW1813,JW2573,JW2918,JW3390,wild_type,JW3872,JW0812
11,flgL,acrE,gabT,mhpB,yfeN,yobF,clpB,yggS,yzgL,wild_type,yiiL,iaaA
12,JW1312,JW3596,JW2944,JW0878,JW2490,JW0063,JW2343,JW2971,JW3480,JW3971,JW1737,JW1368
13,ompG,rfaC,glcG,dmsB,yfgI,araC,vacJ,yqhA,gadE,yjaA,astC,pinR
14,JW3599,JW3180,JW1215,JW2607,JW0718,JW0719,JW2817,JW3117,JW3483,JW3980,JW0588,JW1497
15,rfaZ,gltD,narG,yfjJ,sucD,mngR,yqeK,yraN,gadW,yjbB,entA,ydeR
0,JW3603,JW3555,JW1216,JW5921,JW1095,wild_type,JW2779,JW2831,JW3178,JW3492,JW4272,JW0904
1,rfaB,sgbE,narH,yfjS,ndh,wild_type,gcvA,ygeP,yhcC,yhjG,yjhS,smtA
2,JW1867,wild_type,JW3635,JW4054,JW1294,JW2626,JW0799,JW3876,JW2400,JW3221,JW3548,JW4295
3,flhE,wild_type,nlpA,phnO,puuB,yfjZ,ompX,rhaS,yfeR,yhdA,yiaL,yjiJ
4,JW1082,JW1881,JW4282,JW4057,JW1471,JW1151,JW1125,JW3698,JW2845,JW3337,JW3565,JW4310
5,pabC,flhD,fimG,phnL,fdnH,ycgZ,lit,bglH,ygfJ,frlD,yibF,yjiW
6,JW2257,JW2503,JW4318,JW4059,JW2018,JW1568,JW1531,JW0784,JW2848,JW3340,JW3572,JW4319
7,menB,pbpC,tsr,phnJ,wbbJ,ydfE,dcp,dinG,ygfM,yhfT,yibI,yjiZ
8,JW0136,JW2794,JW0264,JW4061,JW2082,JW2701,JW2960,JW0326,JW2790,JW0581,JW2304,JW4048
9,ecpD,ppdA,yagH,phnH,gatZ,fhlA,hybE,prpE,recC,fepG,hisM,alsA
10,JW0525,JW0040,JW5009,JW5234,JW2195,JW2770,JW2964,JW1409,JW3808,JW0685,JW2305,JW2756
11,intD,fixA,hpt,ansP,napD,fucO,hybA,azoR,udp,kdpB,hisQ,rumA
12,JW0618,JW0333,JW5052,JW5278,JW2338,JW2771,JW3299,JW0030,JW3970,JW0816,JW2307,JW3136
13,cspE,lacA,ampH,arpB,yfcX,fucA,bfd,carA,purH,yliD,argT,rbfA
14,JW0920,wild_type,JW0341,JW5057,JW5354,JW2692,JW2773,JW5689,JW0097,JW3656,JW1214,JW2885
15,ssuE,wild_type,mhpD,yajL,yohO,hycD,fucI,malP,mutT,yidL,narK,argK
0,JW3213,JW5963,JW2051,JW5071,JW5423,JW2693,JW2775,JW3575,JW0458,JW0059,JW1807,JW2942
1,tldD,blr,udk,sfmH,pinH,hycC,fucU,mtlR,apt,polB,manY,yghK
2,JW2300,JW2368,JW5466,JW2694,JW2810,JW3864,JW2461,JW2502,JW1902,JW3239,JW0453,JW2604
3,folX,yfdE,guaD,hycB,kduD,fdoH,purC,ndk,yecC,yhdZ,acrR,alpA
4,JW3419,JW5134,JW5468,JW2695,JW2894,JW0037,JW2491,JW0334,JW2077,JW3442,JW2668,JW3029
5,livF,cspH,ygfS,hycA,epd,caiB,guaA,lacY,gatB,nikB,recX,bacA
6,wild_type,JW4116,JW5517,JW2700,JW2958,JW0038,JW2787,JW0452,JW2234,wild_type,JW3578,JW3446
7,wild_type,poxA,yhaL,hypE,hybG,caiA,recD,acrA,glpT,wild_type,lldP,nikR
8,JW4015,JW2571,JW5184,wild_type,JW5522,JW5541,JW5777,JW5038,JW5189,JW5383,JW5807,JW5816
9,aphA,kgtP,cvrA,wild_type,tdcE,aaeX,yjhT,ykgB,ychM,tfaS,leuB,ybfE
10,JW5908,JW5833,JW5842,JW5850,JW5944,JW5787,JW5041,JW5215,JW5385,JW5808,JW5825,JW5834
11,yddM,yeeJ,yphC,yqjF,yhiM,yjiT,ykgE,ydbJ,yfdN,pcnB,yneF,yeeY
12,JW5843,JW5556,JW5693,JW5789,JW5060,JW5235,JW5818,JW5826,JW5836,JW5844,JW5852,JW5559
13,norR,gldA,yrfD,mcrC,bolA,yncH,potG,asr,cld,ygcI,yihO,yiiM
14,JW5710,JW5790,JW5084,JW5304,JW5420,JW5811,JW5819,JW5827,JW5837,JW5845,JW5853,JW5563
15,yrdA,yjiA,hokE,yebA,ypjM,fhiA,ybjS,ydhL,yegR,ygcS,ysgA,yiiF
0,JW5733,JW5792,JW5143,JW5325,JW5448,JW5812,JW5820,JW5910,JW5838,JW5846,JW5854,JW5575
1,yjdC,yjjM,ycdT,yeeL,ygdI,mbhA,ycfS,ydiD,yohG,ygeO,yigL,mobB
2,JW5742,JW5486,JW5145,JW5326,JW5525,JW5813,JW5821,JW5830,JW5839,JW5847,JW5855,JW5608
3,yjfN,glcF,ymdE,yoeA,tdcR,ykfC,emtA,yebN,yejO,prfB,recQ,yieP
4,JW5755,JW5619,JW5170,JW5916,JW5607,JW5814,JW5822,wild_type,JW5831,JW5840,JW5848,JW5856
5,yjgF,tnaB,ymfP,molR,hdfR,yaiF,abgT,wild_type,znuA,elaD,yghO,trxA
6,JW5938,JW5761,JW5171,JW5375,JW0488,JW5815,JW5823,JW5832,JW5841,JW5849,JW5857,JW5858
7,yicM,yjgB,ymfS,nuoC,ylbH,tfaD,ydcH,yedQ,prmB,yqhC,rbsD,yidX
8,JW0485,JW0616,JW5179,JW1501,JW1559,JW3516,JW3947,JW5434,wild_type,JW5859,JW5868,JW0688
9,ybbP,dcuC,ymgH,hipB,ydfW,yhjX,rplA,ascG,wild_type,dgoT,ulaG,ybfA
10,JW5067,JW5686,JW0197,JW3581,JW5688,JW3134,JW5165,JW5860,JW1015,JW5097,JW3933,JW3647
11,ybbN,gntU,dkgB,yibK,rtcA,rpsO,hflD,yidR,ycdU,abrB,oxyR,ivbL
12,JW2460,JW3631,JW5322,JW5125,JW0695,JW5939,JW5953,JW2730,JW5112,JW3375,JW5080,JW0644
13,ypfJ,yicI,yedW,ycbW,ybfL,yicJ,yjiP,ygcL,ybjG,bioH,rzoD,djlC
14,JW5002,JW5396,JW0502,JW5874,JW5871,JW1267,JW5132,wild_type,JW2226,JW5089,JW0668,JW5003
15,hokC,ypfH,glxK,ydhM,mcrB,cysB,etp,wild_type,ubiG,lipB,ybfN,yaaY
0,JW5443,JW5603,JW5055,JW5876,JW0162,wild_type,JW5135,JW2904,JW5111,JW1166,JW0939,JW1246
1,ygcW,gpp,proY,yfeH,glnD,wild_type,torS,speB,yliB,ycgJ,ycbG,yciB
2,JW5258,JW5877,JW5864,JW5873,JW2042,JW5138,JW0022,wild_type,wild_type,JW5106,JW1083,JW3037
3,ynfC,ypeB,yrhA,prfC,wcaC,ycdH,rpsT,wild_type,wild_type,ybiM,yceG,rpsU
4,JW2413,JW5259,JW5878,JW5947,JW1830,JW0613,JW5176,JW1522,JW5262,JW3489,JW5188,JW2064
5,yfeS,ynfD,csiE,aroK,yobA,dcuC,ycgH,marC,dmsD,yhjC,dhaR,baeR
6,JW5327,JW1058,JW4253,JW4125,JW0090,JW2556,JW3959,JW1026,JW4252,JW1982,JW1031,JW5865
7,yeeP,flgM,fecI,yjeF,ddlB,rseA,rsd,csgC,fecR,flu,ymdA,yrfG
8,JW0583,JW5065,JW1537,JW0738,JW1907,JW3682,JW1731,JW3906,JW3713,JW5592,JW4326,JW3714
9,ybdA,ybbJ,ydfK,gpmA,fliA,yidD,ydjR,priA,atpH,dapF,dnaT,atpF
10,JW0870,JW1630,JW3715,JW1041,JW2308,JW3716,JW3711,JW3709,JW3039,JW2795,JW3710,JW4055
11,cydD,pdxH,atpE,lpxL,ubiX,atpB,atpG,atpC,rpoD,thyA,atpD,phnN
12,JW3400,JW3712,JW1693,JW1225,JW0807,JW0823,JW1181,JW3504,JW3359,JW2302,JW1596,JW1785
13,gntK,atpA,ydiA,hns,ybiW,dacC,ldcA,bcsE,mrcA,yfcI,ydgH,yoaG
14,JW1427,JW1442,JW0009,JW0577,JW0947,JW1406,JW0993,JW0310,JW0621,JW2040,JW2087,JW2116
15,ydcL,ydcZ,yaaH,ybdZ,yccT,ynbB,ycdI,yahD,ybeM,wcaE,yegV,yehW
0,JW2167,JW2204,JW2287,JW2430,JW0325,JW1395,wild_type,JW2431,JW0125,JW0409,JW2919,JW3210
1,yejE,rcsD,yfbQ,yfeG,prpD,paaY,wild_type,yffI,yadI,yajO,yggT,aaeA
2,JW3435,JW3455,JW3481,JW3586,JW4106,JW4177,JW1991,JW4311,JW4334,JW0069,JW0074,wild_type
3,yhhP,yhiJ,mdtE,yibN,yjeK,ytfL,sbmC,hsdS,holD,setA,leuL,wild_type
4,JW1750,JW0413,JW0633,JW3829,JW1273,JW1838,JW1943,JW2309,JW1847,JW4067,JW2917,JW3135
5,gdhA,thiI,cobC,mobA,pyrF,purT,vsr,purF,znuC,phnC,yggR,truB
6,JW0729,JW1921,JW3755,JW5119,JW5646,JW0486,JW0240,JW0998,JW5867,JW5869,JW5955,JW1656
7,tolA,fliE,rhoL,ycaM,envC,rhsD,yafY,ycdC,aidB,yjiK,bglJ,ydhQ
8,JW1107,JW5851,JW3030,JW5702,JW3366,JW0242,JW3818,JW5678,JW2021,JW2138,JW3890,JW0694
9,ycfZ,pnp,folB,crp,pck,yafZ,rfaH,yrhC,glf,galS,tpiA,ybfQ
10,JW1566,JW5386,JW3301,JW0715,JW3924,JW2625,JW1488,JW5897,wild_type,JW3937,JW0885,JW1115
11,dicB,ypdJ,tufA,sucA,pflC,yfjY,gadB,yliA,wild_type,trmA,pflA,phoQ
12,JW0631,JW3485,JW5212,JW1367,JW1122,JW1223,JW4142,JW0549,JW5529,JW1692,JW2063,JW0306
13,ybeA,gadA,rzpR,tfaR,icd,rssB,yjfL,nohB,yhbO,pps,baeS,betT
14,JW3460,JW5679,JW2198,JW2214,JW1683,JW3943,JW1455,JW2276,JW1819,JW2316,JW1541,JW3451
15,pitA,rhsB,mqo,atoC,aroD,tufB,ydcC,nuoI,prc,usg,nohA,yhhI
0,,,,wild_type,,,,,,,,
1,,,,wild_type,,,,,,,,
2,,,wild_type,,,,,,,,,
3,,,wild_type,,,,,,,,,
4,,,,,,,,,,,,
5,,,,,,,,,,,,
6,,,,,,,,,,,,
7,,,,,,,,,,,,
8,,,,,,wild_type,,,,,,
9,,,,,,wild_type,,,,,,
10,,,,,,,,,,,,
11,,,,,,,,,,,,
12,,,,,,,,,,,,
13,,,,,,,,,,,,
14,,,,,,,,,,,,
15,,,,,,,,,,,,
0,wild_type,,,,,,,,,,,
1,wild_type,,,,,,,,,,,
2,,,,,,,,,,,,
3,,,,,,,,,,,,
4,,,,,,,,,,,,
5,,,,,,,,,,,,
6,,,,,,,,wild_type,,,,
7,,,,,,,,wild_type,,,,
8,,,,,,,,,,,,
9,,,,,,,,,,,,
10,,,,,,,wild_type,,,,,
11,,,,,,,wild_type,,,,,
12,,,,,,,,,,,,
13,,,,,,,,,,,,
14,,,,,,,,,,,,
15,,,,,,,,,,,,
